USE master;
ALTER DATABASE Universidade SET SINGLE_USER WITH ROLLBACK IMMEDIATE;
	GO
	DROP DATABASE Universidade;
	GO

    USE master;
	CREATE DATABASE Universidade;
	GO
	USE Universidade;
	GO
CREATE TABLE ALUNOS
	(
		MATRICULA INT NOT NULL IDENTITY
			CONSTRAINT PK_ALUNO PRIMARY KEY,
		NOME VARCHAR(50) NOT NULL
	);
	GO
	CREATE TABLE CURSOS
	(
		CURSO CHAR(3) NOT NULL
			CONSTRAINT PK_CURSO PRIMARY KEY,
		NOME VARCHAR(50) NOT NULL
	);
	GO
	CREATE TABLE PROFESSOR
	(
		PROFESSOR INT IDENTITY NOT NULL
			CONSTRAINT PK_PROFESSOR PRIMARY KEY,
		NOME VARCHAR(50) NOT NULL
	);
	GO
	CREATE TABLE MATERIAS
	(
		SIGLA CHAR(3) NOT NULL,
		NOME VARCHAR(50) NOT NULL,
		CARGAHORARIA INT NOT NULL,
		CURSO CHAR(3) NOT NULL,
		PROFESSOR INT
			CONSTRAINT PK_MATERIA
			PRIMARY KEY (
							SIGLA,
							CURSO,
							PROFESSOR
						)
			CONSTRAINT FK_CURSO
			FOREIGN KEY (CURSO) REFERENCES CURSOS (CURSO),
		CONSTRAINT FK_PROFESSOR
			FOREIGN KEY (PROFESSOR)
			REFERENCES PROFESSOR (PROFESSOR)
	);
	GO
	INSERT ALUNOS
	(
		NOME
	)
	VALUES
	('Pedro'),('Joao'),('Robersvalto'),('Tito');
	GO
	INSERT CURSOS
	(
		CURSO,
		NOME
	)
	VALUES
	('ENG', 'ENGENHARIA'),
	('SIS', 'SISTEMAS'),
	('DIR', 'DIREITO'),
	('FAR', 'FARMACIA'),
	('FIS', 'FISICA');
	GO
	INSERT PROFESSOR
	(
		NOME
	)
	VALUES
	('Francisco'),
	('Cleyson'),
	('Elielton'),
	('Neilton'),
	('Guilherme'),
	('Marcos');
	GO
	
	INSERT MATERIAS
	(
		SIGLA,
		NOME,
		CARGAHORARIA,
		CURSO,
		PROFESSOR
	)
	VALUES
	('BDA','BANCO DE DADOS',144,'ENG',1),
	('PRO','PROGRAMACAO',144,'ENG',2),
	('BDA','BANCO DE DADOS',144,'SIS',1),
	('PRO','PROGRAMACAO',144,'SIS',2),		
	('CIV', 'PROCESSO CIVIL', 144, 'DIR', 2),
	('COD', 'CÓDIGO PENAL', 144, 'DIR', 2),
	('QUI','QUIMICA',144,'FAR',1),
	('ANA','ANATOMIA HUMANA',144,'FAR',2),
	('CAL','CALCULO',144,'FIS',3),
	('ALG','ALGEBRA LINEAR',144,'FIS',2);
	GO
	CREATE TABLE MATRICULA
	(
		MATRICULA INT,
		CURSO CHAR(3),
		MATERIA CHAR(3),
		PROFESSOR INT,
		PERLETIVO INT,
		N1 FLOAT,
		N2 FLOAT,
		N3 FLOAT,
		N4 FLOAT,
		TOTALPONTOS FLOAT,
		MEDIA FLOAT,
		F1 INT,
		F2 INT,
		F3 INT,
		F4 INT,
		TOTALFALTAS INT,
		PERCFREQ FLOAT,
		RESULTADO VARCHAR(20)
			CONSTRAINT PK_MATRICULA
			PRIMARY KEY (
							MATRICULA,
							CURSO,
							MATERIA,
							PROFESSOR,
							PERLETIVO
						),
		CONSTRAINT FK_ALUNOS_MATRICULA
			FOREIGN KEY (MATRICULA)
			REFERENCES ALUNOS (MATRICULA),
		CONSTRAINT FK_CURSOS_MATRICULA
			FOREIGN KEY (CURSO)
			REFERENCES CURSOS (CURSO),
		--CONSTRAINT FK_MATERIAS FOREIGN KEY (MATERIA) REFERENCES MATERIAS (SIGLA),
		CONSTRAINT FK_PROFESSOR_MATRICULA
			FOREIGN KEY (PROFESSOR)
			REFERENCES PROFESSOR (PROFESSOR)
	);
	GO
	ALTER TABLE MATRICULA ADD MEDIAFINAL FLOAT;
	GO
	ALTER TABLE MATRICULA ADD NOTAEXAME FLOAT;
	GO

    CREATE PROCEDURE MATRICULANDOALUNOSS_2
    (
        @NOME VARCHAR(50),
        @CURSO CHAR(3)
    )
AS
    BEGIN 
    DECLARE @MATRICULA INT 
    SELECT @MATRICULA = MATRICULA FROM ALUNOS WHERE NOME = @NOME

    INSERT MATRICULA (MATRICULA,CURSO,MATERIA,PROFESSOR,PERLETIVO)
    SELECT @MATRICULA,@CURSO,SIGLA,PROFESSOR,2023 FROM MATERIAS WHERE CURSO = @CURSO 
      
    END;


    EXEC MATRICULANDOALUNOSS_2 'Pedro','SIS';
    EXEC MATRICULANDOALUNOSS_2 'Joao','DIR';


SELECT * FROM PROFESSOR
SELECT * FROM CURSOS
SELECT * FROM ALUNOS
SELECT * FROM MATERIAS
SELECT * FROM MATRICULA